NULL,8490x8Y
NULL,3596mbO
NULL,7862wVR
NULL,2347UC5
NULL,80663Fe
NULL,6999Z3C
NULL,8438xTT
NULL,8833gGy
NULL,01910NA
NULL,23288Wr
NULL,50131oK
NULL,1706rIZ
NULL,7320NAD
NULL,2494ZM8
NULL,2688YgJ
NULL,7064cmf
NULL,3103G18
NULL,0573tpu
NULL,6437B94
NULL,4335Aut
NULL,1552oRf
NULL,7156ZeU
NULL,1552u4b
NULL,4393Wu0
NULL,3932YwB
NULL,6463WBb
NULL,38850GH
NULL,7870HkV
NULL,7953zoA
NULL,2894M21
NULL,8217nSH
NULL,75118tG
NULL,0854de5
NULL,5384a1P
NULL,4737Xsj
NULL,0486lig
NULL,0131dpd
NULL,48503ds
NULL,18309dX
NULL,4262GRX
NULL,7129HOe
NULL,29587uN
NULL,44125ov
NULL,7241WX1
NULL,4328el0
NULL,7617PYz
NULL,6627AOb
NULL,1291tGZ
NULL,6684XDM
NULL,10636QI
NULL,2467NIz
NULL,5450Brv
NULL,5268Q5u
NULL,33717P6
NULL,5500ZrS
NULL,00128Uc
NULL,5891LsT
NULL,6900nKq
NULL,3316Xsd
NULL,2185XNm
NULL,5567S52
NULL,0364wx8
NULL,4602xQ5
NULL,8078cTH
NULL,46863rM
NULL,4508mnB
NULL,1991OLW
NULL,1365VI4
NULL,4755jWw
NULL,5787DWh
NULL,2958Ppu
NULL,86141W8
NULL,6584cJC
NULL,9746FV6
NULL,5294smT
NULL,8132C8U
NULL,7048GTo
NULL,4427woV
NULL,0223CiW
NULL,7108AtP
NULL,6031nDo
NULL,6250jvi
NULL,03524SS
NULL,57223gP
NULL,3985NLR
NULL,9015eQ4
NULL,1019S2r
NULL,0623Iez
NULL,30766XG
NULL,1095sVI